[{"model": "travel_group.travelgroup", "pk": 1, "fields": {"accommodations": null, "transportation": null, "trip_name": "Italy - 2020", "travelers": [1, 8]}}, {"model": "travel_group.travelgroup", "pk": 2, "fields": {"accommodations": null, "transportation": null, "trip_name": "Euro Girl Trip", "travelers": [4, 8]}}, {"model": "travel_group.travelgroup", "pk": 3, "fields": {"accommodations": null, "transportation": null, "trip_name": "Wisco Trip", "travelers": [1]}}, {"model": "travel_group.travelgroup", "pk": 4, "fields": {"accommodations": null, "transportation": null, "trip_name": "Florida Trip", "travelers": [1, 4, 8]}}, {"model": "travel_group.travelgroup", "pk": 6, "fields": {"accommodations": null, "transportation": null, "trip_name": "Napa Valley", "travelers": [1]}}, {"model": "travel_group.travelgroup", "pk": 7, "fields": {"accommodations": null, "transportation": null, "trip_name": "Colorado", "travelers": [1, 4]}}, {"model": "travel_group.travelgroup", "pk": 8, "fields": {"accommodations": null, "transportation": null, "trip_name": "Test Trip", "travelers": [8]}}, {"model": "travel_group.travelgroup", "pk": 9, "fields": {"accommodations": null, "transportation": null, "trip_name": "India", "travelers": [4]}}, {"model": "travel_group.travelgroup", "pk": 10, "fields": {"accommodations": null, "transportation": null, "trip_name": "Japan", "travelers": [1]}}, {"model": "travel_group.travelgroup", "pk": 11, "fields": {"accommodations": null, "transportation": null, "trip_name": "Spain", "travelers": [1, 4]}}, {"model": "travel_group.travelgroup", "pk": 50, "fields": {"accommodations": null, "transportation": null, "trip_name": "Bahamas", "travelers": [1]}}, {"model": "travel_group.travelgroup", "pk": 51, "fields": {"accommodations": null, "transportation": null, "trip_name": "Bali", "travelers": [1]}}, {"model": "travel_group.checklistitems", "pk": 32, "fields": {"checklist_item": "Pack toothbrush fjdkakdjf", "checklist_creator": 1, "item_status": true, "travel_group": 1}}, {"model": "travel_group.checklistitems", "pk": 34, "fields": {"checklist_item": "Buy chocolate - yum", "checklist_creator": 1, "item_status": true, "travel_group": 1}}, {"model": "travel_group.checklistitems", "pk": 61, "fields": {"checklist_item": "Passport photo", "checklist_creator": 1, "item_status": true, "travel_group": 1}}, {"model": "travel_group.checklistitems", "pk": 62, "fields": {"checklist_item": "Buy backpack and shoes", "checklist_creator": 1, "item_status": false, "travel_group": 1}}, {"model": "travel_group.checklistitems", "pk": 63, "fields": {"checklist_item": "Pack workout clothes", "checklist_creator": 1, "item_status": false, "travel_group": 1}}, {"model": "travel_group.checklistitems", "pk": 64, "fields": {"checklist_item": "Reserve hotel room", "checklist_creator": 1, "item_status": true, "travel_group": 1}}, {"model": "travel_group.checklistitems", "pk": 65, "fields": {"checklist_item": "Call credit card companies", "checklist_creator": 1, "item_status": true, "travel_group": 1}}, {"model": "travel_group.checklistitems", "pk": 66, "fields": {"checklist_item": "Make a list of cheese", "checklist_creator": 1, "item_status": true, "travel_group": 3}}, {"model": "travel_group.checklistitems", "pk": 67, "fields": {"checklist_item": "Bring warm clothes", "checklist_creator": 1, "item_status": false, "travel_group": 3}}, {"model": "travel_group.checklistitems", "pk": 69, "fields": {"checklist_item": "Pack gifts", "checklist_creator": 1, "item_status": true, "travel_group": 3}}, {"model": "travel_group.checklistitems", "pk": 70, "fields": {"checklist_item": "Buy some snacks for flight", "checklist_creator": 1, "item_status": false, "travel_group": 3}}, {"model": "travel_group.checklistitems", "pk": 71, "fields": {"checklist_item": "Research vineyard", "checklist_creator": 1, "item_status": true, "travel_group": 6}}, {"model": "travel_group.checklistitems", "pk": 72, "fields": {"checklist_item": "Book a biking trip", "checklist_creator": 1, "item_status": false, "travel_group": 6}}, {"model": "travel_group.sightseeingideas", "pk": 1, "fields": {"sightseeing_idea": "Il Duomo - Firenze, Italy", "travel_group": 1}}, {"model": "travel_group.sightseeingideas", "pk": 2, "fields": {"sightseeing_idea": "Let's go home", "travel_group": 2}}, {"model": "travel_group.sightseeingideas", "pk": 3, "fields": {"sightseeing_idea": "Oui -- No", "travel_group": 2}}, {"model": "travel_group.sightseeingideas", "pk": 4, "fields": {"sightseeing_idea": "Michelangelo", "travel_group": 1}}, {"model": "travel_group.sightseeingideas", "pk": 5, "fields": {"sightseeing_idea": "Bike Wine Tour - yay! Woop!!", "travel_group": 6}}, {"model": "travel_group.sightseeingideas", "pk": 9, "fields": {"sightseeing_idea": "Idea", "travel_group": 6}}, {"model": "travel_group.sightseeingideas", "pk": 11, "fields": {"sightseeing_idea": "Florence", "travel_group": 2}}, {"model": "travel_group.sightseeingideas", "pk": 12, "fields": {"sightseeing_idea": "Mesa Verde", "travel_group": 7}}, {"model": "travel_group.sightseeingideas", "pk": 13, "fields": {"sightseeing_idea": "Vail", "travel_group": 7}}, {"model": "travel_group.sightseeingideas", "pk": 14, "fields": {"sightseeing_idea": "Aspen", "travel_group": 7}}, {"model": "travel_group.sightseeingideas", "pk": 15, "fields": {"sightseeing_idea": "Cinque Terre", "travel_group": 1}}, {"model": "travel_group.sightseeingideas", "pk": 16, "fields": {"sightseeing_idea": "Sightseeing", "travel_group": 9}}, {"model": "travel_group.sightseeingideas", "pk": 17, "fields": {"sightseeing_idea": "Sip and Soak", "travel_group": 6}}, {"model": "travel_group.sightseeingideas", "pk": 18, "fields": {"sightseeing_idea": "The beach", "travel_group": 11}}, {"model": "travel_group.sightseeingideas", "pk": 34, "fields": {"sightseeing_idea": "Whale watching - on Monday", "travel_group": 51}}, {"model": "travel_group.restaurantideas", "pk": 2, "fields": {"restaurant_idea": "Wine Valley Inn", "travel_group": 6}}, {"model": "travel_group.restaurantideas", "pk": 5, "fields": {"restaurant_idea": "Il Fuego", "travel_group": 1}}, {"model": "travel_group.restaurantideas", "pk": 9, "fields": {"restaurant_idea": "Test - whoa!", "travel_group": 1}}, {"model": "travel_group.restaurantideas", "pk": 13, "fields": {"restaurant_idea": "Italiano Pristine - something", "travel_group": 1}}, {"model": "travel_group.restaurantideas", "pk": 14, "fields": {"restaurant_idea": "Whoop! One more idea...", "travel_group": 1}}, {"model": "travel_group.restaurantideas", "pk": 17, "fields": {"restaurant_idea": "Idea", "travel_group": 9}}, {"model": "travel_group.restaurantideas", "pk": 18, "fields": {"restaurant_idea": "Paella...somewhere good!", "travel_group": 11}}, {"model": "travel_group.restaurantideas", "pk": 37, "fields": {"restaurant_idea": "Some cool restaurant", "travel_group": 51}}, {"model": "travel_group.travelmessages", "pk": 6, "fields": {"date_created_at": "2019-07-07T23:10:03.915Z", "date_updated_at": "2019-07-07T23:10:03.971Z", "message": "Let's stay in Tuscany for 2-3 nights. Then we could do some wine tours and try some Chianti.", "travel_group": 1, "message_creator": 1}}, {"model": "travel_group.travelmessages", "pk": 8, "fields": {"date_created_at": "2019-07-07T23:10:03.915Z", "date_updated_at": "2019-07-07T23:10:03.971Z", "message": "Humpf", "travel_group": 1, "message_creator": 1}}, {"model": "travel_group.travelmessages", "pk": 10, "fields": {"date_created_at": "2019-08-22T03:21:57.781Z", "date_updated_at": "2019-08-22T03:21:57.781Z", "message": "Let's just drink some wine", "travel_group": 1, "message_creator": 1}}, {"model": "travel_group.travelmessages", "pk": 12, "fields": {"date_created_at": "2019-08-22T03:23:55.345Z", "date_updated_at": "2019-08-22T03:23:55.345Z", "message": "Or...eat some gelato!", "travel_group": 1, "message_creator": 1}}, {"model": "travel_group.travelmessages", "pk": 14, "fields": {"date_created_at": "2019-08-26T20:44:55.852Z", "date_updated_at": "2019-08-26T20:44:55.852Z", "message": "asdf", "travel_group": 50, "message_creator": 1}}, {"model": "travel_group.travelmessages", "pk": 15, "fields": {"date_created_at": "2019-08-28T03:33:37.713Z", "date_updated_at": "2019-08-28T03:33:37.713Z", "message": "Hollah! Woot :)", "travel_group": 1, "message_creator": 1}}, {"model": "travel_group.travelmessages", "pk": 17, "fields": {"date_created_at": "2019-10-13T02:34:26.959Z", "date_updated_at": "2019-10-13T02:34:26.959Z", "message": "Woop! Let's drink some vino. YES!", "travel_group": 6, "message_creator": 1}}, {"model": "travel_group.travelmessages", "pk": 19, "fields": {"date_created_at": "2019-10-19T20:37:01.844Z", "date_updated_at": "2019-10-19T20:37:01.844Z", "message": "And this is a new comment.", "travel_group": 1, "message_creator": 1}}, {"model": "travel_group.travelmessages", "pk": 22, "fields": {"date_created_at": "2019-10-19T20:47:30.815Z", "date_updated_at": "2019-10-19T20:47:30.815Z", "message": "adsfsda", "travel_group": 1, "message_creator": 1}}, {"model": "travel_group.travelmessages", "pk": 23, "fields": {"date_created_at": "2019-10-19T20:49:58.102Z", "date_updated_at": "2019-10-19T20:49:58.102Z", "message": "test", "travel_group": 1, "message_creator": 1}}, {"model": "travel_group.travelmessages", "pk": 24, "fields": {"date_created_at": "2020-03-23T16:06:31.590Z", "date_updated_at": "2020-03-23T16:06:31.590Z", "message": "Let's go!", "travel_group": 51, "message_creator": 1}}]